<?xml version="1.0" encoding="UTF-8"?>

<root-container name="specto_OrchProcess" width="722" height="614">
  <node name="Inizio" x="305" y="3" width="132" height="36">
    <edge>
      <label x="5" y="-10"/>
    </edge>
  </node>
  <node name="InsertSOCInput" x="20" y="75" width="132" height="36">
    <edge>
      <label x="5" y="-10"/>
    </edge>
  </node>
  <node name="ProcessStarter" x="68" y="5" width="132" height="36">
    <edge>
      <label x="5" y="-10"/>
    </edge>
  </node>
  <node name="Start dall&apos;esterno" x="212" y="75" width="132" height="36">
    <edge>
      <label x="5" y="-10"/>
    </edge>
    <edge>
      <label x="5" y="-10"/>
      <bendpoint w1="-160" h1="28" w2="32" h2="-42"/>
    </edge>
  </node>
  <node name="SpecialistFinder" x="20" y="145" width="132" height="36">
    <edge>
      <label x="5" y="-10"/>
    </edge>
  </node>
  <node name="InfostrFinder" x="132" y="223" width="132" height="36">
    <edge>
      <label x="5" y="-10"/>
    </edge>
  </node>
  <node name="SecurityFinder" x="295" y="222" width="132" height="36">
    <edge>
      <label x="5" y="-10"/>
    </edge>
  </node>
  <node name="Classe Incident" x="217" y="144" width="132" height="36">
    <edge>
      <label x="5" y="-10"/>
    </edge>
    <edge>
      <label x="5" y="-10"/>
    </edge>
  </node>
  <node name="MoodleLogon" x="217" y="310" width="132" height="36">
    <edge>
      <label x="5" y="-10"/>
    </edge>
  </node>
  <node name="MoodleSetUp" x="370" y="307" width="132" height="36">
    <edge>
      <label x="5" y="-10"/>
      <bendpoint w1="1" h1="63" w2="153" h2="-2"/>
    </edge>
  </node>
  <node name="invia email open" x="221" y="424" width="132" height="36">
    <edge>
      <label x="5" y="-10"/>
    </edge>
  </node>
  <node name="Fine" x="221" y="565" width="132" height="36"/>
  <deployment serverName="localhost" serverPort="8182" serverDeployer="/specto-jbpm">
    <classesAndResources/>
    <filesAndFolders>
      <element value="/specto_orchestrator/esbcontent/processDefinition/.gpd.wfprj_processdefinition.xml"/>
      <element value="/specto_orchestrator/esbcontent/processDefinition/SOC_Input.xhtml"/>
      <element value="/specto_orchestrator/esbcontent/processDefinition/SOC_Verify.xhtml"/>
      <element value="/specto_orchestrator/esbcontent/processDefinition/forms.xml"/>
      <element value="/specto_orchestrator/esbcontent/processDefinition/gpd.xml"/>
      <element value="/specto_orchestrator/esbcontent/processDefinition/processdefinition.xml"/>
      <element value="/specto_orchestrator/esbcontent/processDefinition/processimage.jpg"/>
    </filesAndFolders>
  </deployment>
</root-container>
