<?xml version="1.0" encoding="UTF-8"?>

<process-definition
    name="specto_OrchProcess">

   <start-state name="Inizio">
		<transition to="Start dall'esterno"></transition>
	</start-state>
	
	<task-node name="InsertSOCInput">
      <task name="Inserisci i dati del SOC">
         <assignment actor-id="user"></assignment>
			<controller></controller>
      </task>
		<transition to="SpecialistFinder">
			<action class="it.itconnect.specto.esb.orchestration.process_actions.TransformMessageFromForm" config-type="bean"></action>
		</transition>
	</task-node>

	<node name="ProcessStarter">
		<action class="org.jboss.soa.esb.services.jbpm.actionhandlers.EsbActionHandler">
			<esbServiceName>
				IBMSocGetModifiedTickets
			</esbServiceName>
			<esbCategoryName>
				SocServiceESB
			</esbCategoryName>
			<esbToBpmVars>
				<mapping bpm="theBody" esb="BODY_CONTENT"></mapping>
			</esbToBpmVars>
		</action>
		<transition to="Start dall'esterno"></transition>
	</node>

	<decision name="Start dall'esterno">
		<transition to="InsertSOCInput" name="Si">
			<condition expression="#{theBody==null}"></condition>
		</transition>
		<transition to="SpecialistFinder" name="No">
			<condition expression="#{theBody!=null}"></condition>		
		</transition>
	</decision>

	<node name="SpecialistFinder">
		<action class="org.jboss.soa.esb.services.jbpm.actionhandlers.EsbActionHandler">
			<esbServiceName>
				SpecRuleMgr
			</esbServiceName>
			<esbCategoryName>
				SocServiceESB
			</esbCategoryName>
			<bpmToEsbVars>
				<mapping bpm="theBody" esb="BODY_CONTENT"></mapping>
			</bpmToEsbVars>
			<esbToBpmVars>
				<mapping bpm="theBodySpec" esb="BODY_CONTENT"></mapping>
			</esbToBpmVars>
		</action>
		<transition to="Classe Incident"></transition>
	</node>
	<node name="InfostrFinder">
		<action class="org.jboss.soa.esb.services.jbpm.actionhandlers.EsbActionHandler">
			<esbServiceName>
				InfostrRuleMgr
			</esbServiceName>
			<esbCategoryName>
				SocServiceESB
			</esbCategoryName>
			<bpmToEsbVars>
				<mapping bpm="theBody" esb="BODY_CONTENT"></mapping>
			</bpmToEsbVars>
			<esbToBpmVars>
				<mapping bpm="theBody" esb="BODY_CONTENT"></mapping>
			</esbToBpmVars>
		</action>
		<transition to="MoodleLogon"></transition>
	</node>
	<node name="SecurityFinder">
		<action class="org.jboss.soa.esb.services.jbpm.actionhandlers.EsbActionHandler">
			<esbServiceName>
				SecRuleMgr
			</esbServiceName>
			<esbCategoryName>
				SocServiceESB
			</esbCategoryName>
			<bpmToEsbVars>
				<mapping bpm="theBody" esb="BODY_CONTENT"></mapping>
			</bpmToEsbVars>
			<esbToBpmVars>
				<mapping bpm="theBody" esb="BODY_CONTENT"></mapping>
			</esbToBpmVars>
		</action>
		<transition to="MoodleLogon"></transition>
	</node>	
	<decision name="Classe Incident">
		<transition to="InfostrFinder" name="Infrastruttura">
			<condition expression="#{incidentClass=='infrastruttura'}"></condition>
		</transition>
		<transition to="SecurityFinder" name="Sicurezza">
			<condition expression="#{incidentClass!='infrastruttura'}"></condition>
		</transition>
	</decision>
	<node name="MoodleLogon">
		<action class="org.jboss.soa.esb.services.jbpm.actionhandlers.EsbActionHandler">
			<esbCategoryName>
				SocServiceESB
			</esbCategoryName>
			<esbServiceName>
				MoodleLogon
			</esbServiceName>
			<bpmToEsbVars>
				<mapping bpm="theBody" esb="BODY_CONTENT"></mapping>
			</bpmToEsbVars>
			<esbToBpmVars>
				<mapping bpm="theBodyMoodle" esb="BODY_CONTENT"></mapping>
			</esbToBpmVars>
		</action>
		<transition to="MoodleSetUp">
			<action class="it.itconnect.specto.esb.orchestration.process_actions.MoodlePrepareSetup" config-type="bean"></action>
		</transition>
	</node>

	<node name="MoodleSetUp">
		<action class="org.jboss.soa.esb.services.jbpm.actionhandlers.EsbActionHandler">
			<esbServiceName>
				MoodleSetUpCourse
			</esbServiceName>
			<esbCategoryName>
				SocServiceESB
			</esbCategoryName>
			<bpmToEsbVars>
				<mapping bpm="theBodyMoodle" esb="BODY_CONTENT"></mapping>
				<mapping bpm="incidentAction" esb="idcourse"></mapping>
			</bpmToEsbVars>
			<esbToBpmVars>
				<mapping bpm="theBodyMoodle" esb="BODY_CONTENT"></mapping>
			</esbToBpmVars>
		</action>
		<transition to="invia email open">
			<action class="it.itconnect.specto.esb.orchestration.process_actions.MoodleActionHandler" config-type="bean"></action>
		</transition>
	</node>
	<mail-node name="invia email open" to="#{emailAddressesTeam};#{emailAddressesSpec}">
		<subject>
			Nuovo incidente #{incidentSeverity} di #{incidentClass}
		</subject>
		<text>
			Salve,
sull'apparato di seguito classificato:
 - IP = #{deviceIP};
 - Platform = #{devicePlatform};
 - Sistema Operativo = #{deviceOS};

si e'¨ verificato un incidente di 
 - severity = #{incidentSeverity};
 - classe = #{incidentClass};
 - tipo = #{incidentType}.

Potete effettuare le seguenti azioni:
 - entrare nel sito dedicato al Crisis Commitee, cliccare su http://192.168.2.172/course/view.php?id=#{incidentAction}
 - entrare nella incident room virtuale, cliccare su http://192.168.2.174/smartconsole/specto_demo.jsp

Il SOC Team.
		</text>
		<transition to="Fine"></transition>
	</mail-node>

	

	<end-state name="Fine"></end-state>    
    
    
    
</process-definition>